<?xml version="1.0" encoding="utf-8" ?>
<Advertisements>
	<Ad>
		<ImageUrl>~\Images\1.bmp</ImageUrl>
	</Ad>
	<Ad>
		<ImageUrl>~\Images\2.jpg</ImageUrl>
	</Ad>
	<Ad>
		<ImageUrl>~\Images\3.jpg</ImageUrl>
	</Ad>
	<Ad>
		<ImageUrl>~\Images\4.jpg</ImageUrl>
	</Ad>
	<Ad>
		<ImageUrl>~\Images\5.jpg</ImageUrl>
	</Ad>
	<Ad>
		<ImageUrl>~\Images\6.jpg</ImageUrl>
	</Ad>
	<Ad>
		<ImageUrl>~\Images\7.jpg</ImageUrl>
	</Ad>
	<Ad>
		<ImageUrl>~\Images\8.jpg</ImageUrl>
	</Ad>
	<Ad>
		<ImageUrl>~\Images\9.jpg</ImageUrl>
	</Ad>
	<Ad>
		<ImageUrl>~\Images\10.jpg</ImageUrl>
	</Ad>
	<Ad>
		<ImageUrl>~\Images\11.jpg</ImageUrl>
	</Ad>
</Advertisements>
