<?xml version="1.0" encoding="utf-8"?>
<VisualState xmlns:xsi="http://www.w3.org/2001/XMLSchema-instance" xmlns:xsd="http://www.w3.org/2001/XMLSchema" ShowCheckBoxes="false">
  <TopNode>[0-1000]D:\New Folder\Keane.Com.CDGaloreWindowsApplication\CDGalore.nunit</TopNode>
  <SelectedNode>[0-1001]D:\New Folder\Keane.Com.CDGaloreWindowsApplication\Keane.Com.NUnit\bin\Debug\Keane.Com.BusinessLayer.dll</SelectedNode>
  <ExcludeCategories>false</ExcludeCategories>
  <Nodes>
    <Node UniqueName="[0-1000]D:\New Folder\Keane.Com.CDGaloreWindowsApplication\CDGalore.nunit" Expanded="true" />
  </Nodes>
</VisualState>